{"trans_id":24181,"date":"08/02/2014","time":"09:23:52","cust_id":0,"device":"IOS5","state":"il","camp_id":2,"keywords":"wait","prod_id":128,"purch_flag":"false"}
{"trans_id":24195,"date":"08/02/2014","time":"07:58:19","cust_id":243,"device":"IOS5","state":"mo","camp_id":6,"keywords":"hmm","prod_id":107,"purch_flag":"false"}
{"trans_id":24204,"date":"08/01/2014","time":"12:10:27","cust_id":12048,"device":"IOS6","state":"il","camp_id":1,"keywords":"marge","prod_id":324,"purch_flag":"false"}
{"trans_id":24222,"date":"08/02/2014","time":"16:28:37","cust_id":2488,"device":"IOS6","state":"pa","camp_id":2,"keywords":"to","prod_id":391,"purch_flag":"false"}
{"trans_id":24227,"date":"08/02/2014","time":"07:14:00","cust_id":154687,"device":"IOS5","state":"wa","camp_id":2,"keywords":"on","prod_id":376,"purch_flag":"false"}
{"trans_id":24249,"date":"08/03/2014","time":"23:18:59","cust_id":1,"device":"IOS5","state":"nv","camp_id":1,"keywords":"hey","prod_id":348,"purch_flag":"false"}
{"trans_id":24261,"date":"08/04/2014","time":"23:32:16","cust_id":7389,"device":"IOS5","state":"mn","camp_id":7,"keywords":"kapur","prod_id":65,"purch_flag":"false"}
{"trans_id":24287,"date":"08/02/2014","time":"18:21:26","cust_id":2,"device":"IOS5","state":"tx","camp_id":13,"keywords":"church","prod_id":283,"purch_flag":"false"}
{"trans_id":24323,"date":"08/04/2014","time":"03:22:13","cust_id":447,"device":"AOS4.4","state":"in","camp_id":9,"keywords":"here","prod_id":496,"purch_flag":"false"}
{"trans_id":24378,"date":"08/01/2014","time":"14:46:42","cust_id":14006,"device":"IOS6","state":"il","camp_id":8,"keywords":"cecil","prod_id":162,"purch_flag":"false"}
{"trans_id":24467,"date":"08/02/2014","time":"10:49:35","cust_id":1254,"device":"AOS4.2","state":"id","camp_id":11,"keywords":"it","prod_id":342,"purch_flag":"false"}
{"trans_id":24580,"date":"08/03/2014","time":"19:06:18","cust_id":77,"device":"IOS5","state":"dc","camp_id":6,"keywords":"criminal","prod_id":180,"purch_flag":"false"}
{"trans_id":24603,"date":"08/02/2014","time":"01:07:34","cust_id":11,"device":"IOS7","state":"wa","camp_id":16,"keywords":"was","prod_id":185,"purch_flag":"false"}
{"trans_id":24643,"date":"08/04/2014","time":"04:55:30","cust_id":11094,"device":"IOS7","state":"md","camp_id":1,"keywords":"store","prod_id":1,"purch_flag":"false"}
{"trans_id":24666,"date":"08/03/2014","time":"06:04:47","cust_id":2405,"device":"IOS5","state":"il","camp_id":1,"keywords":"new","prod_id":109,"purch_flag":"false"}
{"trans_id":24738,"date":"08/03/2014","time":"02:49:10","cust_id":55,"device":"AOS4.3","state":"fl","camp_id":0,"keywords":"but","prod_id":168,"purch_flag":"true"}
{"trans_id":24746,"date":"08/04/2014","time":"09:50:44","cust_id":1,"device":"IOS5","state":"az","camp_id":0,"keywords":"eyes","prod_id":338,"purch_flag":"false"}
{"trans_id":24824,"date":"08/04/2014","time":"21:13:37","cust_id":260,"device":"AOS4.3","state":"ca","camp_id":0,"keywords":"up","prod_id":99,"purch_flag":"false"}
{"trans_id":24829,"date":"08/03/2014","time":"21:26:22","cust_id":1754,"device":"IOS5","state":"tx","camp_id":16,"keywords":"we","prod_id":4,"purch_flag":"false"}
{"trans_id":24877,"date":"08/04/2014","time":"17:41:52","cust_id":444,"device":"IOS5","state":"nj","camp_id":9,"keywords":"much","prod_id":417,"purch_flag":"false"}
{"trans_id":24921,"date":"08/02/2014","time":"18:57:27","cust_id":46,"device":"IOS5","state":"pa","camp_id":5,"keywords":"it","prod_id":3,"purch_flag":"false"}
{"trans_id":25003,"date":"08/04/2014","time":"07:17:40","cust_id":17,"device":"IOS7","state":"va","camp_id":18,"keywords":"robbery","prod_id":512,"purch_flag":"false"}
{"trans_id":25102,"date":"08/04/2014","time":"00:40:10","cust_id":206,"device":"IOS5","state":"ca","camp_id":1,"keywords":"one","prod_id":451,"purch_flag":"false"}
{"trans_id":25114,"date":"08/04/2014","time":"01:31:53","cust_id":950,"device":"IOS5","state":"ny","camp_id":2,"keywords":"spent","prod_id":22,"purch_flag":"false"}
{"trans_id":25148,"date":"08/03/2014","time":"06:11:14","cust_id":22,"device":"IOS5","state":"oh","camp_id":16,"keywords":"you","prod_id":26,"purch_flag":"true"}
{"trans_id":25190,"date":"08/01/2014","time":"18:13:32","cust_id":0,"device":"IOS5","state":"ky","camp_id":13,"keywords":"lost","prod_id":34,"purch_flag":"false"}
{"trans_id":25297,"date":"08/03/2014","time":"08:26:42","cust_id":32263,"device":"IOS5","state":"il","camp_id":1,"keywords":"all","prod_id":37,"purch_flag":"false"}
{"trans_id":25304,"date":"08/02/2014","time":"11:01:02","cust_id":1,"device":"IOS6","state":"wa","camp_id":6,"keywords":"air","prod_id":30,"purch_flag":"false"}
{"trans_id":25370,"date":"08/01/2014","time":"06:10:55","cust_id":16188,"device":"AOS4.2","state":"oh","camp_id":2,"keywords":"of","prod_id":228,"purch_flag":"false"}
{"trans_id":25447,"date":"08/04/2014","time":"14:42:14","cust_id":647,"device":"AOS4.4","state":"tx","camp_id":1,"keywords":"a","prod_id":191,"purch_flag":"false"}
{"trans_id":25464,"date":"08/01/2014","time":"18:31:04","cust_id":1029,"device":"AOS4.4","state":"fl","camp_id":17,"keywords":"their","prod_id":332,"purch_flag":"false"}
{"trans_id":25487,"date":"08/03/2014","time":"18:23:31","cust_id":4765,"device":"IOS5","state":"nv","camp_id":15,"keywords":"fall","prod_id":69,"purch_flag":"false"}
{"trans_id":25531,"date":"08/02/2014","time":"18:30:37","cust_id":30,"device":"AOS4.3","state":"tx","camp_id":16,"keywords":"my","prod_id":440,"purch_flag":"false"}
{"trans_id":25618,"date":"08/04/2014","time":"07:10:33","cust_id":5024,"device":"IOS5","state":"tx","camp_id":3,"keywords":"this","prod_id":412,"purch_flag":"false"}
{"trans_id":25720,"date":"08/04/2014","time":"05:10:47","cust_id":142501,"device":"IOS7","state":"fl","camp_id":0,"keywords":"this","prod_id":282,"purch_flag":"false"}
{"trans_id":25765,"date":"08/02/2014","time":"20:46:29","cust_id":49,"device":"IOS5","state":"ny","camp_id":4,"keywords":"you","prod_id":446,"purch_flag":"false"}
{"trans_id":25853,"date":"08/04/2014","time":"11:36:11","cust_id":28,"device":"IOS7","state":"nj","camp_id":2,"keywords":"and","prod_id":342,"purch_flag":"false"}
{"trans_id":25859,"date":"08/01/2014","time":"10:16:27","cust_id":8944,"device":"IOS6","state":"ca","camp_id":16,"keywords":"oh","prod_id":89,"purch_flag":"false"}
{"trans_id":26036,"date":"08/03/2014","time":"22:34:10","cust_id":2,"device":"IOS5","state":"tx","camp_id":8,"keywords":"make","prod_id":49,"purch_flag":"false"}
{"trans_id":26040,"date":"08/02/2014","time":"03:35:23","cust_id":12,"device":"AOS4.3","state":"ca","camp_id":5,"keywords":"on","prod_id":181,"purch_flag":"false"}
{"trans_id":26053,"date":"08/04/2014","time":"23:17:03","cust_id":18913,"device":"IOS5","state":"ri","camp_id":7,"keywords":"mcnab","prod_id":38,"purch_flag":"false"}
{"trans_id":26104,"date":"08/04/2014","time":"00:57:53","cust_id":0,"device":"IOS5","state":"ca","camp_id":2,"keywords":"you","prod_id":79,"purch_flag":"false"}
{"trans_id":26151,"date":"08/01/2014","time":"06:39:32","cust_id":291,"device":"IOS5","state":"fl","camp_id":0,"keywords":"for","prod_id":4,"purch_flag":"false"}
{"trans_id":26241,"date":"08/01/2014","time":"06:50:56","cust_id":159,"device":"IOS5","state":"tn","camp_id":17,"keywords":"a","prod_id":18,"purch_flag":"false"}
{"trans_id":26278,"date":"08/02/2014","time":"13:49:42","cust_id":54133,"device":"IOS7","state":"tx","camp_id":1,"keywords":"next","prod_id":277,"purch_flag":"false"}
{"trans_id":26310,"date":"08/02/2014","time":"21:27:10","cust_id":189875,"device":"IOS5","state":"il","camp_id":6,"keywords":"me","prod_id":91,"purch_flag":"false"}
{"trans_id":26336,"date":"08/01/2014","time":"13:59:11","cust_id":2530,"device":"AOS4.4","state":"ny","camp_id":14,"keywords":"gonna","prod_id":123,"purch_flag":"false"}
{"trans_id":26361,"date":"08/03/2014","time":"22:18:34","cust_id":33988,"device":"AOS4.2","state":"az","camp_id":1,"keywords":"the","prod_id":329,"purch_flag":"false"}
{"trans_id":26425,"date":"08/04/2014","time":"21:20:17","cust_id":35,"device":"IOS5","state":"ca","camp_id":0,"keywords":"it","prod_id":178,"purch_flag":"false"}
{"trans_id":26442,"date":"08/01/2014","time":"05:14:28","cust_id":129214,"device":"AOS4.4","state":"wa","camp_id":0,"keywords":"better","prod_id":82,"purch_flag":"false"}
{"trans_id":26505,"date":"08/02/2014","time":"08:06:40","cust_id":42,"device":"IOS5","state":"tx","camp_id":11,"keywords":"soup","prod_id":10,"purch_flag":"false"}
{"trans_id":26521,"date":"08/03/2014","time":"15:47:52","cust_id":5,"device":"AOS4.2","state":"oh","camp_id":0,"keywords":"seymour","prod_id":140,"purch_flag":"false"}
{"trans_id":26546,"date":"08/01/2014","time":"20:32:32","cust_id":3667,"device":"IOS6","state":"oh","camp_id":10,"keywords":"ground","prod_id":95,"purch_flag":"false"}
{"trans_id":26594,"date":"08/02/2014","time":"04:59:15","cust_id":5,"device":"IOS5","state":"co","camp_id":3,"keywords":"simpson","prod_id":429,"purch_flag":"true"}
{"trans_id":26647,"date":"08/02/2014","time":"10:07:54","cust_id":8765,"device":"IOS5","state":"wi","camp_id":13,"keywords":"she's","prod_id":540,"purch_flag":"true"}
{"trans_id":26698,"date":"08/02/2014","time":"17:46:39","cust_id":86,"device":"IOS5","state":"az","camp_id":1,"keywords":"person","prod_id":0,"purch_flag":"false"}
{"trans_id":26738,"date":"08/01/2014","time":"20:01:52","cust_id":14,"device":"IOS6","state":"ny","camp_id":3,"keywords":"what","prod_id":411,"purch_flag":"false"}
{"trans_id":26797,"date":"08/02/2014","time":"20:52:05","cust_id":5763,"device":"AOS4.4","state":"nv","camp_id":0,"keywords":"on","prod_id":254,"purch_flag":"false"}
{"trans_id":26821,"date":"08/02/2014","time":"01:38:33","cust_id":10,"device":"IOS5","state":"ca","camp_id":12,"keywords":"my","prod_id":100,"purch_flag":"false"}
{"trans_id":26895,"date":"08/02/2014","time":"20:42:05","cust_id":48,"device":"IOS5","state":"ms","camp_id":2,"keywords":"in","prod_id":98,"purch_flag":"false"}
{"trans_id":26902,"date":"08/03/2014","time":"22:21:46","cust_id":10147,"device":"IOS5","state":"al","camp_id":6,"keywords":"in","prod_id":283,"purch_flag":"false"}
{"trans_id":26965,"date":"08/01/2014","time":"12:04:30","cust_id":2,"device":"IOS5","state":"sc","camp_id":1,"keywords":"banner","prod_id":109,"purch_flag":"false"}
{"trans_id":26994,"date":"08/03/2014","time":"06:31:52","cust_id":218,"device":"IOS5","state":"nc","camp_id":4,"keywords":"climbs","prod_id":387,"purch_flag":"false"}
{"trans_id":27081,"date":"08/02/2014","time":"06:38:57","cust_id":22380,"device":"IOS6","state":"hi","camp_id":3,"keywords":"story","prod_id":315,"purch_flag":"true"}
{"trans_id":27123,"date":"08/04/2014","time":"22:49:23","cust_id":2763,"device":"IOS5","state":"ca","camp_id":4,"keywords":"was","prod_id":230,"purch_flag":"false"}
{"trans_id":27226,"date":"08/04/2014","time":"20:33:44","cust_id":4614,"device":"IOS5","state":"in","camp_id":17,"keywords":"bowl","prod_id":115,"purch_flag":"false"}
{"trans_id":27253,"date":"08/03/2014","time":"23:36:24","cust_id":5,"device":"IOS5","state":"ut","camp_id":4,"keywords":"home","prod_id":106,"purch_flag":"false"}
{"trans_id":27365,"date":"08/04/2014","time":"12:33:30","cust_id":4,"device":"IOS5","state":"fl","camp_id":3,"keywords":"uh","prod_id":4,"purch_flag":"false"}
{"trans_id":27460,"date":"08/01/2014","time":"11:09:15","cust_id":29,"device":"IOS5","state":"id","camp_id":10,"keywords":"new","prod_id":12,"purch_flag":"false"}
{"trans_id":27494,"date":"08/04/2014","time":"23:02:14","cust_id":2310,"device":"IOS5","state":"tx","camp_id":7,"keywords":"want","prod_id":12,"purch_flag":"true"}
{"trans_id":27514,"date":"08/01/2014","time":"18:57:07","cust_id":416,"device":"IOS5","state":"hi","camp_id":0,"keywords":"at","prod_id":132,"purch_flag":"false"}
{"trans_id":27515,"date":"08/02/2014","time":"16:04:28","cust_id":3,"device":"IOS5","state":"mn","camp_id":5,"keywords":"as","prod_id":52,"purch_flag":"false"}
{"trans_id":27544,"date":"08/03/2014","time":"15:23:03","cust_id":16,"device":"IOS5","state":"mi","camp_id":11,"keywords":"gasps","prod_id":71,"purch_flag":"false"}
{"trans_id":27561,"date":"08/02/2014","time":"17:48:31","cust_id":8994,"device":"AOS4.3","state":"va","camp_id":2,"keywords":"in","prod_id":1,"purch_flag":"false"}
{"trans_id":27570,"date":"08/01/2014","time":"04:22:02","cust_id":0,"device":"IOS6","state":"ny","camp_id":13,"keywords":"her","prod_id":0,"purch_flag":"false"}
{"trans_id":27579,"date":"08/01/2014","time":"05:41:59","cust_id":51,"device":"IOS5","state":"oh","camp_id":15,"keywords":"to","prod_id":302,"purch_flag":"false"}
{"trans_id":27598,"date":"08/04/2014","time":"15:06:02","cust_id":60786,"device":"IOS7","state":"fl","camp_id":3,"keywords":"to","prod_id":63,"purch_flag":"false"}
{"trans_id":27632,"date":"08/03/2014","time":"22:39:26","cust_id":70037,"device":"IOS5","state":"ia","camp_id":16,"keywords":"him","prod_id":453,"purch_flag":"false"}
{"trans_id":27687,"date":"08/01/2014","time":"14:27:16","cust_id":1068,"device":"IOS5","state":"nc","camp_id":3,"keywords":"of","prod_id":0,"purch_flag":"false"}
{"trans_id":27715,"date":"08/03/2014","time":"22:56:41","cust_id":128990,"device":"IOS6","state":"md","camp_id":0,"keywords":"bart","prod_id":52,"purch_flag":"false"}
{"trans_id":27828,"date":"08/02/2014","time":"21:06:24","cust_id":507,"device":"IOS5","state":"md","camp_id":13,"keywords":"i","prod_id":356,"purch_flag":"false"}
{"trans_id":27892,"date":"08/02/2014","time":"04:52:51","cust_id":4593,"device":"AOS4.2","state":"ny","camp_id":10,"keywords":"mom","prod_id":189,"purch_flag":"false"}
{"trans_id":27975,"date":"08/03/2014","time":"11:02:30","cust_id":225,"device":"AOS4.3","state":"ny","camp_id":2,"keywords":"this","prod_id":196,"purch_flag":"false"}
{"trans_id":28003,"date":"08/03/2014","time":"21:28:49","cust_id":5,"device":"IOS5","state":"ga","camp_id":5,"keywords":"your","prod_id":34,"purch_flag":"false"}
{"trans_id":28028,"date":"08/02/2014","time":"15:49:49","cust_id":0,"device":"IOS5","state":"mo","camp_id":0,"keywords":"do","prod_id":9,"purch_flag":"false"}
{"trans_id":28062,"date":"08/01/2014","time":"14:42:28","cust_id":6,"device":"AOS4.3","state":"nc","camp_id":9,"keywords":"you","prod_id":452,"purch_flag":"false"}
{"trans_id":28177,"date":"08/01/2014","time":"05:48:34","cust_id":1964,"device":"IOS5","state":"fl","camp_id":13,"keywords":"i","prod_id":197,"purch_flag":"false"}
{"trans_id":28183,"date":"08/01/2014","time":"22:39:56","cust_id":1,"device":"AOS4.2","state":"ca","camp_id":17,"keywords":"said","prod_id":56,"purch_flag":"false"}
{"trans_id":28235,"date":"08/04/2014","time":"11:24:57","cust_id":7,"device":"AOS4.4","state":"ca","camp_id":1,"keywords":"you","prod_id":36,"purch_flag":"false"}
{"trans_id":28494,"date":"08/02/2014","time":"18:18:57","cust_id":0,"device":"AOS4.3","state":"tx","camp_id":2,"keywords":"when","prod_id":151,"purch_flag":"false"}
{"trans_id":28532,"date":"08/02/2014","time":"10:59:05","cust_id":1114,"device":"IOS5","state":"fl","camp_id":0,"keywords":"would","prod_id":354,"purch_flag":"false"}
{"trans_id":28551,"date":"08/01/2014","time":"02:42:14","cust_id":2689,"device":"IOS6","state":"ga","camp_id":8,"keywords":"for","prod_id":5,"purch_flag":"false"}
{"trans_id":28562,"date":"08/01/2014","time":"21:58:48","cust_id":1,"device":"AOS4.2","state":"ia","camp_id":0,"keywords":"you","prod_id":12,"purch_flag":"false"}
{"trans_id":28736,"date":"08/04/2014","time":"22:57:28","cust_id":22755,"device":"AOS4.3","state":"oh","camp_id":0,"keywords":"your","prod_id":2,"purch_flag":"false"}
{"trans_id":28748,"date":"08/03/2014","time":"11:18:15","cust_id":0,"device":"IOS5","state":"wa","camp_id":13,"keywords":"beautiful","prod_id":305,"purch_flag":"false"}
{"trans_id":28804,"date":"08/02/2014","time":"12:56:25","cust_id":3048,"device":"AOS4.4","state":"ca","camp_id":7,"keywords":"same","prod_id":12,"purch_flag":"true"}
{"trans_id":28833,"date":"08/03/2014","time":"02:12:31","cust_id":2296,"device":"IOS6","state":"ny","camp_id":16,"keywords":"name","prod_id":24,"purch_flag":"false"}
{"trans_id":28998,"date":"08/03/2014","time":"04:23:54","cust_id":5364,"device":"IOS7","state":"ms","camp_id":18,"keywords":"dress","prod_id":3,"purch_flag":"false"}
{"trans_id":29026,"date":"08/02/2014","time":"11:48:27","cust_id":146,"device":"IOS5","state":"al","camp_id":4,"keywords":"to","prod_id":92,"purch_flag":"false"}
{"trans_id":29148,"date":"08/03/2014","time":"08:08:14","cust_id":27332,"device":"AOS4.2","state":"fl","camp_id":3,"keywords":"well","prod_id":45,"purch_flag":"false"}
{"trans_id":29180,"date":"08/04/2014","time":"18:55:52","cust_id":1,"device":"IOS5","state":"tx","camp_id":5,"keywords":"believe","prod_id":186,"purch_flag":"false"}
{"trans_id":29186,"date":"08/01/2014","time":"07:04:53","cust_id":12077,"device":"AOS4.3","state":"nj","camp_id":13,"keywords":"disappeared","prod_id":344,"purch_flag":"false"}
{"trans_id":29221,"date":"08/02/2014","time":"18:45:54","cust_id":232,"device":"IOS5","state":"ca","camp_id":2,"keywords":"h","prod_id":239,"purch_flag":"false"}
{"trans_id":29241,"date":"08/02/2014","time":"19:08:39","cust_id":1,"device":"IOS5","state":"fl","camp_id":6,"keywords":"our","prod_id":396,"purch_flag":"false"}
{"trans_id":29289,"date":"08/01/2014","time":"08:15:22","cust_id":2,"device":"IOS5","state":"az","camp_id":15,"keywords":"well","prod_id":431,"purch_flag":"false"}
{"trans_id":29411,"date":"08/02/2014","time":"13:56:17","cust_id":6,"device":"IOS5","state":"tx","camp_id":3,"keywords":"corum","prod_id":177,"purch_flag":"false"}
{"trans_id":29452,"date":"08/02/2014","time":"19:48:41","cust_id":0,"device":"AOS4.4","state":"ca","camp_id":16,"keywords":"d'oh","prod_id":486,"purch_flag":"false"}
{"trans_id":29475,"date":"08/01/2014","time":"22:55:51","cust_id":6890,"device":"IOS5","state":"nc","camp_id":1,"keywords":"in","prod_id":51,"purch_flag":"false"}
{"trans_id":29513,"date":"08/01/2014","time":"18:22:50","cust_id":32008,"device":"AOS4.2","state":"va","camp_id":7,"keywords":"'cause","prod_id":49,"purch_flag":"false"}
{"trans_id":29630,"date":"08/04/2014","time":"16:41:58","cust_id":114,"device":"IOS5","state":"mi","camp_id":0,"keywords":"believe","prod_id":0,"purch_flag":"false"}
{"trans_id":29631,"date":"08/03/2014","time":"06:31:25","cust_id":3105,"device":"IOS7","state":"pa","camp_id":7,"keywords":"i","prod_id":46,"purch_flag":"false"}
{"trans_id":29667,"date":"08/04/2014","time":"08:02:13","cust_id":177107,"device":"IOS5","state":"il","camp_id":4,"keywords":"but","prod_id":114,"purch_flag":"false"}
{"trans_id":29687,"date":"08/03/2014","time":"13:26:55","cust_id":149,"device":"IOS5","state":"tn","camp_id":6,"keywords":"at","prod_id":382,"purch_flag":"false"}
{"trans_id":29702,"date":"08/02/2014","time":"07:22:11","cust_id":89,"device":"IOS5","state":"al","camp_id":2,"keywords":"the","prod_id":481,"purch_flag":"true"}
{"trans_id":29739,"date":"08/04/2014","time":"22:49:54","cust_id":0,"device":"AOS4.2","state":"wv","camp_id":7,"keywords":"family","prod_id":55,"purch_flag":"false"}
{"trans_id":29876,"date":"08/04/2014","time":"11:32:38","cust_id":79,"device":"IOS5","state":"nc","camp_id":3,"keywords":"we'll","prod_id":412,"purch_flag":"false"}
{"trans_id":29890,"date":"08/03/2014","time":"10:56:58","cust_id":999,"device":"IOS5","state":"ca","camp_id":1,"keywords":"we","prod_id":83,"purch_flag":"true"}
{"trans_id":29924,"date":"08/04/2014","time":"11:55:28","cust_id":163,"device":"IOS5","state":"fl","camp_id":4,"keywords":"design","prod_id":499,"purch_flag":"false"}
{"trans_id":29957,"date":"08/03/2014","time":"21:08:55","cust_id":1,"device":"IOS5","state":"ny","camp_id":0,"keywords":"kill","prod_id":301,"purch_flag":"false"}
{"trans_id":30225,"date":"08/01/2014","time":"23:43:03","cust_id":0,"device":"IOS5","state":"oh","camp_id":6,"keywords":"shelbyville","prod_id":455,"purch_flag":"false"}
{"trans_id":30253,"date":"08/04/2014","time":"07:43:15","cust_id":143,"device":"IOS5","state":"ga","camp_id":2,"keywords":"today's","prod_id":475,"purch_flag":"false"}
{"trans_id":30320,"date":"08/04/2014","time":"18:13:16","cust_id":426,"device":"IOS5","state":"ca","camp_id":4,"keywords":"are","prod_id":0,"purch_flag":"false"}
{"trans_id":30472,"date":"08/04/2014","time":"10:55:23","cust_id":88,"device":"AOS4.4","state":"ny","camp_id":10,"keywords":"don","prod_id":68,"purch_flag":"false"}
{"trans_id":30535,"date":"08/04/2014","time":"19:01:00","cust_id":0,"device":"IOS5","state":"ca","camp_id":9,"keywords":"blame","prod_id":36,"purch_flag":"false"}
{"trans_id":30539,"date":"08/03/2014","time":"23:00:54","cust_id":3,"device":"AOS4.3","state":"co","camp_id":8,"keywords":"like","prod_id":33,"purch_flag":"true"}
{"trans_id":30552,"date":"08/02/2014","time":"02:52:44","cust_id":1,"device":"IOS5","state":"ny","camp_id":2,"keywords":"a","prod_id":356,"purch_flag":"false"}
{"trans_id":30567,"date":"08/02/2014","time":"21:05:22","cust_id":49,"device":"IOS5","state":"wa","camp_id":3,"keywords":"here","prod_id":20,"purch_flag":"false"}
{"trans_id":30599,"date":"08/01/2014","time":"05:06:15","cust_id":161,"device":"IOS5","state":"oh","camp_id":7,"keywords":"pins","prod_id":417,"purch_flag":"false"}
{"trans_id":30635,"date":"08/03/2014","time":"05:30:03","cust_id":26,"device":"IOS5","state":"ca","camp_id":10,"keywords":"in","prod_id":431,"purch_flag":"false"}
{"trans_id":30672,"date":"08/02/2014","time":"08:37:43","cust_id":4984,"device":"IOS6","state":"sc","camp_id":1,"keywords":"here","prod_id":290,"purch_flag":"false"}
{"trans_id":30673,"date":"08/04/2014","time":"08:22:27","cust_id":5,"device":"IOS7","state":"ca","camp_id":7,"keywords":"all","prod_id":48,"purch_flag":"false"}
{"trans_id":30698,"date":"08/04/2014","time":"04:26:40","cust_id":7763,"device":"IOS5","state":"il","camp_id":12,"keywords":"to","prod_id":342,"purch_flag":"false"}
{"trans_id":30716,"date":"08/01/2014","time":"17:18:07","cust_id":165,"device":"IOS5","state":"mn","camp_id":1,"keywords":"sure","prod_id":25,"purch_flag":"false"}
{"trans_id":30845,"date":"08/01/2014","time":"19:05:00","cust_id":1528,"device":"AOS4.4","state":"sc","camp_id":12,"keywords":"like","prod_id":227,"purch_flag":"false"}
{"trans_id":30924,"date":"08/02/2014","time":"03:41:07","cust_id":6659,"device":"IOS5","state":"wi","camp_id":11,"keywords":"i","prod_id":478,"purch_flag":"false"}
{"trans_id":30946,"date":"08/02/2014","time":"12:20:49","cust_id":250,"device":"IOS5","state":"ok","camp_id":10,"keywords":"the","prod_id":32,"purch_flag":"false"}
{"trans_id":31050,"date":"08/03/2014","time":"13:55:55","cust_id":71875,"device":"IOS5","state":"ca","camp_id":4,"keywords":"gets","prod_id":56,"purch_flag":"false"}
{"trans_id":31082,"date":"08/01/2014","time":"06:08:55","cust_id":2682,"device":"IOS5","state":"oh","camp_id":8,"keywords":"for","prod_id":384,"purch_flag":"false"}
{"trans_id":31087,"date":"08/02/2014","time":"02:50:59","cust_id":704,"device":"IOS5","state":"tx","camp_id":4,"keywords":"homer","prod_id":185,"purch_flag":"false"}
{"trans_id":31158,"date":"08/02/2014","time":"16:13:25","cust_id":113387,"device":"IOS6","state":"ny","camp_id":4,"keywords":"by","prod_id":45,"purch_flag":"false"}
{"trans_id":31198,"date":"08/03/2014","time":"13:13:43","cust_id":64787,"device":"IOS5","state":"ma","camp_id":2,"keywords":"simpson","prod_id":1,"purch_flag":"false"}
{"trans_id":31238,"date":"08/03/2014","time":"02:48:23","cust_id":16749,"device":"IOS5","state":"az","camp_id":11,"keywords":"your","prod_id":46,"purch_flag":"false"}
{"trans_id":31350,"date":"08/04/2014","time":"05:21:57","cust_id":249,"device":"AOS4.2","state":"fl","camp_id":0,"keywords":"you","prod_id":18,"purch_flag":"false"}
{"trans_id":31360,"date":"08/03/2014","time":"19:42:05","cust_id":2,"device":"AOS4.4","state":"fl","camp_id":4,"keywords":"because","prod_id":186,"purch_flag":"false"}
{"trans_id":31404,"date":"08/02/2014","time":"17:49:03","cust_id":38,"device":"AOS4.3","state":"nj","camp_id":1,"keywords":"stuck","prod_id":96,"purch_flag":"false"}
{"trans_id":31475,"date":"08/03/2014","time":"12:34:42","cust_id":484,"device":"IOS5","state":"md","camp_id":9,"keywords":"mean","prod_id":325,"purch_flag":"false"}
{"trans_id":31568,"date":"08/01/2014","time":"13:41:47","cust_id":1,"device":"IOS5","state":"nj","camp_id":4,"keywords":"that","prod_id":65,"purch_flag":"false"}
{"trans_id":31626,"date":"08/04/2014","time":"06:54:19","cust_id":4946,"device":"AOS4.4","state":"oh","camp_id":2,"keywords":"shy","prod_id":153,"purch_flag":"false"}
{"trans_id":31718,"date":"08/02/2014","time":"05:55:20","cust_id":18434,"device":"IOS5","state":"ny","camp_id":10,"keywords":"my","prod_id":46,"purch_flag":"false"}
{"trans_id":31905,"date":"08/04/2014","time":"21:51:07","cust_id":8,"device":"IOS5","state":"nj","camp_id":11,"keywords":"looks","prod_id":526,"purch_flag":"false"}
{"trans_id":31925,"date":"08/04/2014","time":"21:57:07","cust_id":0,"device":"IOS5","state":"ny","camp_id":2,"keywords":"not","prod_id":5,"purch_flag":"false"}
{"trans_id":32078,"date":"08/01/2014","time":"01:39:29","cust_id":566,"device":"IOS5","state":"mi","camp_id":2,"keywords":"gonna","prod_id":71,"purch_flag":"false"}
{"trans_id":32088,"date":"08/04/2014","time":"02:39:38","cust_id":40481,"device":"IOS5","state":"nj","camp_id":1,"keywords":"been","prod_id":263,"purch_flag":"false"}
{"trans_id":32136,"date":"08/04/2014","time":"05:24:58","cust_id":74663,"device":"AOS4.4","state":"la","camp_id":0,"keywords":"homer","prod_id":52,"purch_flag":"false"}
{"trans_id":32170,"date":"08/02/2014","time":"05:08:44","cust_id":15908,"device":"IOS7","state":"nv","camp_id":8,"keywords":"to","prod_id":270,"purch_flag":"false"}
{"trans_id":32186,"date":"08/01/2014","time":"17:31:49","cust_id":3557,"device":"AOS4.2","state":"pa","camp_id":15,"keywords":"anything","prod_id":102,"purch_flag":"false"}
{"trans_id":32258,"date":"08/01/2014","time":"18:55:10","cust_id":7573,"device":"AOS4.4","state":"co","camp_id":7,"keywords":"now","prod_id":125,"purch_flag":"false"}
{"trans_id":32512,"date":"08/02/2014","time":"03:33:00","cust_id":116276,"device":"AOS4.3","state":"pa","camp_id":1,"keywords":"rock","prod_id":1,"purch_flag":"false"}
{"trans_id":32599,"date":"08/02/2014","time":"22:14:26","cust_id":4251,"device":"IOS6","state":"ny","camp_id":7,"keywords":"all","prod_id":304,"purch_flag":"false"}
{"trans_id":32634,"date":"08/03/2014","time":"00:23:16","cust_id":59,"device":"IOS5","state":"ny","camp_id":6,"keywords":"hard","prod_id":17,"purch_flag":"false"}
{"trans_id":32737,"date":"08/02/2014","time":"16:51:49","cust_id":261,"device":"IOS5","state":"ca","camp_id":1,"keywords":"face","prod_id":146,"purch_flag":"false"}
{"trans_id":32809,"date":"08/01/2014","time":"03:15:28","cust_id":52177,"device":"IOS5","state":"tx","camp_id":11,"keywords":"had","prod_id":216,"purch_flag":"false"}
{"trans_id":32942,"date":"08/03/2014","time":"20:59:09","cust_id":0,"device":"IOS5","state":"fl","camp_id":0,"keywords":"have","prod_id":203,"purch_flag":"false"}
{"trans_id":33068,"date":"08/04/2014","time":"07:13:24","cust_id":70,"device":"IOS5","state":"ny","camp_id":0,"keywords":"it","prod_id":530,"purch_flag":"true"}
{"trans_id":33079,"date":"08/03/2014","time":"22:57:19","cust_id":57,"device":"AOS4.4","state":"ca","camp_id":4,"keywords":"where","prod_id":427,"purch_flag":"false"}
{"trans_id":33139,"date":"08/02/2014","time":"18:10:41","cust_id":712,"device":"IOS5","state":"tx","camp_id":13,"keywords":"from","prod_id":453,"purch_flag":"false"}
{"trans_id":33206,"date":"08/02/2014","time":"08:12:41","cust_id":27,"device":"IOS5","state":"ok","camp_id":18,"keywords":"we'll","prod_id":31,"purch_flag":"false"}
{"trans_id":33403,"date":"08/02/2014","time":"00:03:18","cust_id":1486,"device":"AOS4.2","state":"ny","camp_id":4,"keywords":"here","prod_id":283,"purch_flag":"false"}
{"trans_id":33436,"date":"08/03/2014","time":"19:46:25","cust_id":75280,"device":"IOS7","state":"ga","camp_id":0,"keywords":"the","prod_id":1,"purch_flag":"false"}
{"trans_id":33450,"date":"08/03/2014","time":"05:00:46","cust_id":14094,"device":"IOS5","state":"il","camp_id":11,"keywords":"like","prod_id":188,"purch_flag":"false"}
{"trans_id":33552,"date":"08/02/2014","time":"15:43:22","cust_id":10,"device":"IOS5","state":"nj","camp_id":0,"keywords":"that","prod_id":13,"purch_flag":"false"}
{"trans_id":33699,"date":"08/03/2014","time":"15:43:35","cust_id":0,"device":"IOS5","state":"ok","camp_id":9,"keywords":"was","prod_id":61,"purch_flag":"false"}
{"trans_id":33718,"date":"08/03/2014","time":"11:36:45","cust_id":0,"device":"IOS5","state":"nc","camp_id":0,"keywords":"find","prod_id":153,"purch_flag":"false"}
{"trans_id":33736,"date":"08/01/2014","time":"22:38:51","cust_id":132,"device":"AOS4.3","state":"or","camp_id":12,"keywords":"i","prod_id":304,"purch_flag":"false"}
{"trans_id":33757,"date":"08/04/2014","time":"08:45:45","cust_id":81994,"device":"IOS6","state":"ga","camp_id":5,"keywords":"hour","prod_id":48,"purch_flag":"false"}
{"trans_id":33781,"date":"08/01/2014","time":"07:00:00","cust_id":3,"device":"IOS5","state":"fl","camp_id":3,"keywords":"she","prod_id":167,"purch_flag":"false"}
{"trans_id":33789,"date":"08/01/2014","time":"10:32:22","cust_id":130174,"device":"AOS4.2","state":"nm","camp_id":10,"keywords":"laughing","prod_id":0,"purch_flag":"false"}
{"trans_id":33796,"date":"08/03/2014","time":"17:13:37","cust_id":14383,"device":"IOS5","state":"va","camp_id":1,"keywords":"find","prod_id":45,"purch_flag":"false"}
{"trans_id":33873,"date":"08/02/2014","time":"18:47:25","cust_id":0,"device":"IOS5","state":"ca","camp_id":0,"keywords":"not","prod_id":13,"purch_flag":"false"}
{"trans_id":33973,"date":"08/03/2014","time":"11:47:30","cust_id":11,"device":"IOS5","state":"nc","camp_id":7,"keywords":"what","prod_id":128,"purch_flag":"false"}
{"trans_id":33974,"date":"08/02/2014","time":"11:46:02","cust_id":34,"device":"IOS5","state":"pa","camp_id":0,"keywords":"long","prod_id":13,"purch_flag":"false"}
{"trans_id":34083,"date":"08/03/2014","time":"03:17:28","cust_id":115926,"device":"AOS4.4","state":"ct","camp_id":7,"keywords":"help","prod_id":35,"purch_flag":"false"}
{"trans_id":34095,"date":"08/02/2014","time":"08:05:25","cust_id":1,"device":"IOS7","state":"ny","camp_id":2,"keywords":"some","prod_id":39,"purch_flag":"false"}
{"trans_id":34096,"date":"08/02/2014","time":"08:18:39","cust_id":171076,"device":"IOS5","state":"dc","camp_id":1,"keywords":"dager","prod_id":137,"purch_flag":"false"}
{"trans_id":34149,"date":"08/04/2014","time":"09:29:17","cust_id":0,"device":"IOS5","state":"ca","camp_id":5,"keywords":"bring","prod_id":35,"purch_flag":"false"}
{"trans_id":34163,"date":"08/01/2014","time":"05:47:22","cust_id":14,"device":"IOS5","state":"tx","camp_id":3,"keywords":"laughter","prod_id":56,"purch_flag":"true"}
{"trans_id":34182,"date":"08/04/2014","time":"04:58:17","cust_id":43,"device":"AOS4.2","state":"mn","camp_id":11,"keywords":"no","prod_id":10,"purch_flag":"false"}
{"trans_id":34197,"date":"08/01/2014","time":"13:31:33","cust_id":11,"device":"AOS4.3","state":"sc","camp_id":15,"keywords":"yoink","prod_id":56,"purch_flag":"false"}
{"trans_id":34219,"date":"08/04/2014","time":"15:24:09","cust_id":4,"device":"AOS4.3","state":"mo","camp_id":3,"keywords":"that","prod_id":148,"purch_flag":"false"}
{"trans_id":34308,"date":"08/03/2014","time":"01:50:27","cust_id":109025,"device":"IOS5","state":"tx","camp_id":18,"keywords":"between","prod_id":183,"purch_flag":"false"}
{"trans_id":34324,"date":"08/04/2014","time":"07:37:39","cust_id":9385,"device":"IOS5","state":"fl","camp_id":4,"keywords":"want","prod_id":53,"purch_flag":"false"}
{"trans_id":34447,"date":"08/03/2014","time":"16:52:55","cust_id":74972,"device":"IOS5","state":"ca","camp_id":7,"keywords":"he","prod_id":187,"purch_flag":"false"}
{"trans_id":34492,"date":"08/04/2014","time":"10:39:27","cust_id":190706,"device":"IOS5","state":"wa","camp_id":16,"keywords":"and","prod_id":468,"purch_flag":"false"}
{"trans_id":34496,"date":"08/04/2014","time":"06:37:49","cust_id":6,"device":"AOS4.4","state":"fl","camp_id":9,"keywords":"that","prod_id":81,"purch_flag":"false"}
{"trans_id":34523,"date":"08/03/2014","time":"05:47:52","cust_id":187,"device":"IOS6","state":"mi","camp_id":5,"keywords":"the","prod_id":142,"purch_flag":"false"}
{"trans_id":34589,"date":"08/03/2014","time":"23:58:49","cust_id":2742,"device":"IOS5","state":"fl","camp_id":12,"keywords":"come","prod_id":115,"purch_flag":"false"}
{"trans_id":34603,"date":"08/04/2014","time":"09:06:21","cust_id":9824,"device":"IOS7","state":"hi","camp_id":4,"keywords":"be","prod_id":204,"purch_flag":"false"}
{"trans_id":34630,"date":"08/01/2014","time":"21:42:33","cust_id":104,"device":"AOS4.3","state":"tx","camp_id":10,"keywords":"softly","prod_id":1,"purch_flag":"false"}
{"trans_id":34748,"date":"08/02/2014","time":"14:16:16","cust_id":1040,"device":"IOS5","state":"wi","camp_id":15,"keywords":"clear","prod_id":7,"purch_flag":"true"}
{"trans_id":34777,"date":"08/01/2014","time":"08:31:45","cust_id":44,"device":"AOS4.2","state":"in","camp_id":2,"keywords":"yeah","prod_id":33,"purch_flag":"false"}
{"trans_id":34882,"date":"08/01/2014","time":"19:45:59","cust_id":206,"device":"IOS5","state":"ca","camp_id":4,"keywords":"ketchup","prod_id":402,"purch_flag":"true"}
{"trans_id":34937,"date":"08/03/2014","time":"13:41:27","cust_id":4441,"device":"IOS5","state":"ut","camp_id":1,"keywords":"roll","prod_id":60,"purch_flag":"false"}
{"trans_id":34954,"date":"08/04/2014","time":"22:07:40","cust_id":20,"device":"AOS4.3","state":"ny","camp_id":5,"keywords":"me","prod_id":162,"purch_flag":"false"}
{"trans_id":34962,"date":"08/03/2014","time":"14:20:25","cust_id":163,"device":"AOS4.4","state":"mo","camp_id":7,"keywords":"as","prod_id":88,"purch_flag":"false"}
{"trans_id":34967,"date":"08/04/2014","time":"16:15:05","cust_id":49,"device":"IOS7","state":"md","camp_id":1,"keywords":"have","prod_id":463,"purch_flag":"false"}
{"trans_id":35250,"date":"08/02/2014","time":"16:02:01","cust_id":14,"device":"AOS4.4","state":"mi","camp_id":13,"keywords":"did","prod_id":71,"purch_flag":"false"}
{"trans_id":35324,"date":"08/02/2014","time":"02:24:14","cust_id":0,"device":"IOS5","state":"ca","camp_id":8,"keywords":"hey","prod_id":53,"purch_flag":"false"}
{"trans_id":35358,"date":"08/03/2014","time":"11:33:10","cust_id":0,"device":"IOS5","state":"tx","camp_id":4,"keywords":"hoping","prod_id":32,"purch_flag":"false"}
{"trans_id":35392,"date":"08/02/2014","time":"10:37:49","cust_id":113,"device":"IOS5","state":"ca","camp_id":8,"keywords":"like","prod_id":366,"purch_flag":"false"}
{"trans_id":35456,"date":"08/03/2014","time":"22:35:41","cust_id":864,"device":"IOS5","state":"tn","camp_id":2,"keywords":"sorry","prod_id":306,"purch_flag":"false"}
{"trans_id":35575,"date":"08/03/2014","time":"13:07:50","cust_id":230,"device":"IOS7","state":"ut","camp_id":3,"keywords":"my","prod_id":213,"purch_flag":"false"}
{"trans_id":35577,"date":"08/03/2014","time":"21:54:46","cust_id":131202,"device":"IOS5","state":"ca","camp_id":8,"keywords":"so","prod_id":400,"purch_flag":"false"}
{"trans_id":35744,"date":"08/03/2014","time":"23:10:37","cust_id":125127,"device":"IOS5","state":"ga","camp_id":2,"keywords":"a","prod_id":413,"purch_flag":"false"}
{"trans_id":35775,"date":"08/04/2014","time":"14:54:46","cust_id":5141,"device":"AOS4.3","state":"tx","camp_id":12,"keywords":"don't","prod_id":120,"purch_flag":"false"}
{"trans_id":35782,"date":"08/01/2014","time":"17:15:27","cust_id":6238,"device":"IOS5","state":"ca","camp_id":17,"keywords":"never","prod_id":43,"purch_flag":"false"}
{"trans_id":35789,"date":"08/01/2014","time":"21:36:26","cust_id":9,"device":"IOS5","state":"tx","camp_id":12,"keywords":"don't","prod_id":482,"purch_flag":"false"}
{"trans_id":35855,"date":"08/03/2014","time":"02:54:46","cust_id":1054,"device":"IOS5","state":"mo","camp_id":8,"keywords":"of","prod_id":35,"purch_flag":"false"}
{"trans_id":35859,"date":"08/01/2014","time":"08:33:46","cust_id":1,"device":"IOS5","state":"az","camp_id":8,"keywords":"say","prod_id":62,"purch_flag":"false"}
{"trans_id":36017,"date":"08/02/2014","time":"08:44:33","cust_id":6,"device":"AOS4.2","state":"ak","camp_id":13,"keywords":"people","prod_id":140,"purch_flag":"false"}
{"trans_id":36044,"date":"08/02/2014","time":"18:48:36","cust_id":29,"device":"IOS5","state":"ms","camp_id":7,"keywords":"oh","prod_id":10,"purch_flag":"false"}
{"trans_id":36061,"date":"08/04/2014","time":"18:53:31","cust_id":1,"device":"IOS5","state":"la","camp_id":2,"keywords":"it's","prod_id":13,"purch_flag":"false"}
